{
    "dataset": "Breast Cancer",
    "accuracy": 0.956140350877193,
    "error_rate": 0.04385964912280704,
    "confusion_matrix": [
        [
            39,
            4
        ],
        [
            1,
            70
        ]
    ],
    "classification_report": {
        "0": {
            "precision": 0.975,
            "recall": 0.9069767441860465,
            "f1-score": 0.9397590361445783,
            "support": 43.0
        },
        "1": {
            "precision": 0.9459459459459459,
            "recall": 0.9859154929577465,
            "f1-score": 0.9655172413793104,
            "support": 71.0
        },
        "accuracy": 0.956140350877193,
        "macro avg": {
            "precision": 0.960472972972973,
            "recall": 0.9464461185718964,
            "f1-score": 0.9526381387619444,
            "support": 114.0
        },
        "weighted avg": {
            "precision": 0.9569049312470365,
            "recall": 0.956140350877193,
            "f1-score": 0.9558014271241044,
            "support": 114.0
        }
    }
}