{
    "dataset": "Digits",
    "accuracy": 0.9833333333333333,
    "error_rate": 0.01666666666666672,
    "confusion_matrix": [
        [
            33,
            0,
            0,
            0,
            0,
            0,
            0,
            0,
            0,
            0
        ],
        [
            0,
            28,
            0,
            0,
            0,
            0,
            0,
            0,
            0,
            0
        ],
        [
            0,
            0,
            33,
            0,
            0,
            0,
            0,
            0,
            0,
            0
        ],
        [
            0,
            0,
            0,
            34,
            0,
            0,
            0,
            0,
            0,
            0
        ],
        [
            0,
            0,
            0,
            0,
            46,
            0,
            0,
            0,
            0,
            0
        ],
        [
            0,
            0,
            0,
            0,
            0,
            46,
            1,
            0,
            0,
            0
        ],
        [
            0,
            0,
            0,
            0,
            0,
            0,
            35,
            0,
            0,
            0
        ],
        [
            0,
            0,
            0,
            0,
            0,
            0,
            0,
            33,
            0,
            1
        ],
        [
            0,
            1,
            0,
            0,
            0,
            0,
            0,
            0,
            29,
            0
        ],
        [
            0,
            0,
            0,
            1,
            1,
            1,
            0,
            0,
            0,
            37
        ]
    ],
    "classification_report": {
        "0": {
            "precision": 1.0,
            "recall": 1.0,
            "f1-score": 1.0,
            "support": 33.0
        },
        "1": {
            "precision": 0.9655172413793104,
            "recall": 1.0,
            "f1-score": 0.9824561403508771,
            "support": 28.0
        },
        "2": {
            "precision": 1.0,
            "recall": 1.0,
            "f1-score": 1.0,
            "support": 33.0
        },
        "3": {
            "precision": 0.9714285714285714,
            "recall": 1.0,
            "f1-score": 0.9855072463768116,
            "support": 34.0
        },
        "4": {
            "precision": 0.9787234042553191,
            "recall": 1.0,
            "f1-score": 0.989247311827957,
            "support": 46.0
        },
        "5": {
            "precision": 0.9787234042553191,
            "recall": 0.9787234042553191,
            "f1-score": 0.9787234042553191,
            "support": 47.0
        },
        "6": {
            "precision": 0.9722222222222222,
            "recall": 1.0,
            "f1-score": 0.9859154929577465,
            "support": 35.0
        },
        "7": {
            "precision": 1.0,
            "recall": 0.9705882352941176,
            "f1-score": 0.9850746268656716,
            "support": 34.0
        },
        "8": {
            "precision": 1.0,
            "recall": 0.9666666666666667,
            "f1-score": 0.9830508474576272,
            "support": 30.0
        },
        "9": {
            "precision": 0.9736842105263158,
            "recall": 0.925,
            "f1-score": 0.9487179487179487,
            "support": 40.0
        },
        "accuracy": 0.9833333333333333,
        "macro avg": {
            "precision": 0.9840299054067057,
            "recall": 0.9840978306216105,
            "f1-score": 0.9838693018809959,
            "support": 360.0
        },
        "weighted avg": {
            "precision": 0.9834985471715754,
            "recall": 0.9833333333333333,
            "f1-score": 0.9832256044170081,
            "support": 360.0
        }
    }
}